file_name,label,type,time,replicate,triplicate
416_a1_ATTACTCG-ATAGAGGC_L007,A1,T89,0W,A,T89-0W
416_a2_TCCGGAGA-ATAGAGGC_L007,A2,T89,0W,B,T89-0W
416_a3_CGCTCATT-ATAGAGGC_L007,A3,T89,0W,C,T89-0W
416_a4_CGCTCATT-GGCTCTGA_L004,A4,EBB3,0W,A,EBB3-0W
416_a5_GAGATTCC-GGCTCTGA_L004,A5,EBB3,0W,B,EBB3-0W
416_a6_ATTCAGAA-GGCTCTGA_L004,A6,EBB3,0W,C,EBB3-0W
416_b1_CGGCTATG-GGCTCTGA_L004,B1,T89,10WSD,A,T89-10WSD
416_b2_GAGATTCC-ATAGAGGC_L006,B2,T89,10WSD,B,T89-10WSD
416_b3_ATTCAGAA-ATAGAGGC_L007,B3,T89,10WSD,C,T89-10WSD
416_b4_GAATTCGT-ATAGAGGC_L007,B4,EBB3,10WSD,A,EBB3-10WSD
416_b5_CTGAAGCT-ATAGAGGC_L006,B5,EBB3,10WSD,B,EBB3-10WSD
416_b6_TAATGCGC-ATAGAGGC_L006,B6,EBB3,10WSD,C,EBB3-10WSD
416_c1_AGCGATAG-ATAGAGGC_L006,C1,T89,2WC,A,T89-2WC
416_c2_ATTACTCG-CCTATCCT_L007,C2,T89,2WC,B,T89-2WC
416_c3_TCCGGAGA-CCTATCCT_L006,C3,T89,2WC,C,T89-2WC
416_c4_CGCTCATT-CCTATCCT_L006,C4,EBB3,2WC,A,EBB3-2WC
416_c5_TCCGCGAA-GGCTCTGA_L004,C5,EBB3,2WC,B,EBB3-2WC
416_c6_GAGATTCC-CCTATCCT_L006,C6,EBB3,2WC,C,EBB3-2WC
416_d1_TAATGCGC-CCTATCCT_L007,D1,T89,5WC,A,T89-5WC
416_d2_CGGCTATG-CCTATCCT_L007,D2,T89,5WC,B,T89-5WC
416_d3_TCCGCGAA-CCTATCCT_L007,D3,T89,5WC,C,T89-5WC
416_d4_TCTCGCGC-CCTATCCT_L006,D4,EBB3,5WC,A,EBB3-5WC
416_d5_AGCGATAG-CCTATCCT_L007,D5,EBB3,5WC,B,EBB3-5WC
416_d6_TCTCGCGC-GGCTCTGA_L004,D6,EBB3,5WC,C,EBB3-5WC
416_d6_TCTCGCGC_L003,D6,EBB3,5WC,C,EBB3-5WC
416_e1_AGCGATAG-GGCTCTGA_L004,E1,T89,2WLD,A,T89-2WLD
416_e2_TCCGCGAA-TAATCTTA_L006,E2,T89,2WLD,B,T89-2WLD
416_e3_TCTCGCGC-TAATCTTA_L006,E3,T89,2WLD,C,T89-2WLD
416_e4_AGCGATAG-TAATCTTA_L007,E4,EBB3,2WLD,A,EBB3-2WLD
416_e5_CGGCTATG-CAGGACGT_L006,E5,EBB3,2WLD,B,EBB3-2WLD
416_e6_TCCGCGAA-CAGGACGT_L006,E6,EBB3,2WLD,C,EBB3-2WLD
